{"cameraMode":{"drawMode":0,"name":"Shaded","section":"Shading Mode"},"sceneLighting":false,"audioPlay":false,"sceneViewState":{"showFog":true,"showMaterialUpdate":true,"showSkybox":false,"showFlares":true,"showImageEffects":true,"showParticleSystems":true},"in2DMode":false,"pivot":{"x":7.211767196655273,"y":-0.3858799934387207,"z":-3.2791080474853517},"rotation":{"x":0.03599204495549202,"y":-0.0035991657059639694,"z":0.00012957563740201294,"w":0.9993463158607483},"size":21.650745391845704,"orthographic":true}