{"cameraMode":{"drawMode":0,"name":"Shaded","section":"Shading Mode"},"sceneLighting":false,"audioPlay":false,"sceneViewState":{"showFog":true,"showMaterialUpdate":true,"showSkybox":false,"showFlares":true,"showImageEffects":true,"showParticleSystems":true},"in2DMode":false,"pivot":{"x":-0.15297269821166993,"y":0.9518197774887085,"z":-0.4092750549316406},"rotation":{"x":-0.16014812886714936,"y":0.3545178174972534,"z":-0.0617738775908947,"w":-0.9191809296607971},"size":4.749139785766602,"orthographic":false}