{"cameraMode":{"drawMode":0,"name":"Shaded","section":"Shading Mode"},"sceneLighting":false,"audioPlay":false,"sceneViewState":{"showFog":true,"showMaterialUpdate":true,"showSkybox":false,"showFlares":true,"showImageEffects":true,"showParticleSystems":true},"in2DMode":false,"pivot":{"x":-2.350029468536377,"y":1.9499938488006592,"z":-4.470348358154297e-7},"rotation":{"x":0.026776976883411409,"y":0.12740455567836762,"z":-0.003439587540924549,"w":0.99149090051651},"size":10.902398109436036,"orthographic":false}