{"cameraMode":{"drawMode":0,"name":"Shaded","section":"Shading Mode"},"sceneLighting":false,"audioPlay":false,"sceneViewState":{"showFog":true,"showMaterialUpdate":true,"showSkybox":false,"showFlares":true,"showImageEffects":true,"showParticleSystems":true},"in2DMode":false,"pivot":{"x":-0.2075967788696289,"y":0.7718368768692017,"z":-4.564361572265625},"rotation":{"x":-0.025229068472981454,"y":0.9742549061775208,"z":-0.14126992225646974,"w":-0.17395180463790894},"size":11.437439918518067,"orthographic":false}