{"cameraMode":{"drawMode":0,"name":"Shaded","section":"Shading Mode"},"sceneLighting":false,"audioPlay":false,"sceneViewState":{"showFog":true,"showMaterialUpdate":true,"showSkybox":false,"showFlares":true,"showImageEffects":true,"showParticleSystems":true},"in2DMode":false,"pivot":{"x":0.1091209352016449,"y":0.9283148050308228,"z":0.3224543035030365},"rotation":{"x":-0.16513416171073914,"y":0.6795186400413513,"z":-0.1611190289258957,"w":-0.6964449882507324},"size":5.571995735168457,"orthographic":false}