{"cameraMode":{"drawMode":0,"name":"Shaded","section":"Shading Mode"},"sceneLighting":false,"audioPlay":false,"sceneViewState":{"showFog":true,"showMaterialUpdate":true,"showSkybox":false,"showFlares":true,"showImageEffects":true,"showParticleSystems":true},"in2DMode":false,"pivot":{"x":28.37999725341797,"y":2.5,"z":-19.440000534057618},"rotation":{"x":-0.09842587262392044,"y":0.6672819256782532,"z":-0.08960838615894318,"w":-0.7328382134437561},"size":31.436717987060548,"orthographic":false}