{"cameraMode":{"drawMode":0,"name":"Shaded","section":"Shading Mode"},"sceneLighting":false,"audioPlay":false,"sceneViewState":{"showFog":true,"showMaterialUpdate":true,"showSkybox":false,"showFlares":true,"showImageEffects":true,"showParticleSystems":true},"in2DMode":false,"pivot":{"x":0.10818827152252197,"y":0.360352098941803,"z":2.384185791015625e-7},"rotation":{"x":0.012227454222738743,"y":-0.9872943162918091,"z":0.12656645476818086,"w":0.09536801278591156},"size":7.5662922859191898,"orthographic":false}