{"cameraMode":{"drawMode":0,"name":"Shaded","section":"Shading Mode"},"sceneLighting":false,"audioPlay":false,"sceneViewState":{"showFog":true,"showMaterialUpdate":true,"showSkybox":true,"showFlares":true,"showImageEffects":true,"showParticleSystems":true},"in2DMode":false,"pivot":{"x":0.6087026596069336,"y":1.1693670749664307,"z":-4.133693695068359},"rotation":{"x":0.012227454222738743,"y":-0.9872943162918091,"z":0.12656645476818086,"w":0.09536801278591156},"size":2.6623873710632326,"orthographic":false}