{"cameraMode":{"drawMode":0,"name":"Shaded","section":"Shading Mode"},"sceneLighting":false,"audioPlay":false,"sceneViewState":{"showFog":true,"showMaterialUpdate":false,"showSkybox":false,"showFlares":true,"showImageEffects":true,"showParticleSystems":true},"in2DMode":false,"pivot":{"x":-0.12702704966068269,"y":0.023136528208851816,"z":0.2744186520576477},"rotation":{"x":0.016369696706533433,"y":0.1250530183315277,"z":-0.0020635786931961776,"w":0.9920127987861633},"size":16.85262680053711,"orthographic":true}