{"cameraMode":{"drawMode":0,"name":"Shaded","section":"Shading Mode"},"sceneLighting":false,"audioPlay":false,"sceneViewState":{"showFog":true,"showMaterialUpdate":true,"showSkybox":false,"showFlares":true,"showImageEffects":true,"showParticleSystems":true},"in2DMode":false,"pivot":{"x":-0.21914398670196534,"y":1.415171504020691,"z":0.22337883710861207},"rotation":{"x":-0.04000869020819664,"y":0.9099692106246948,"z":-0.09038060903549195,"w":-0.40275663137435915},"size":2.365696430206299,"orthographic":false}